run,n,json_ok_pct,answerability_ok_pct,task_type_ok_pct,time_field_ok_pct,measure_ok_pct,temporal_filter_ok_pct,statistic_ok_pct,core_intent_ok_pct,full_intent_ok_pct,required_field_f1,false_plot_rate_pct,over_refusal_rate_pct
metadata_lora,3269,100.0,85.1942,88.498,85.1942,85.1331,93.0866,99.0211,84.3683,84.2154,0.851855,14.8058,0.0
qwen_prompt_only,3269,99.2964,0.0,0.0,8.0147,2.2331,0.0,0.0,0.0,0.0,0.148058,0.0,0.0
schema_only_lora,3269,100.0,85.1942,88.5592,85.1942,85.1637,82.1046,99.0823,72.6522,72.6216,0.851899,14.8058,0.0
unsupported_x4_lora,3269,100.0,86.8461,84.3071,86.8461,86.7849,85.8061,96.4515,79.6268,79.2291,0.868418,0.2447,12.9091
