{
  "answerability_ok_pct": 86.84613031508107,
  "core_intent_ok_pct": 79.6267971856837,
  "full_intent_ok_pct": 79.22912205567452,
  "json_ok_pct": 100.0,
  "measure_ok_pct": 86.78494952584889,
  "n": 3269,
  "partial": true,
  "required_field_f1": 0.8684176025870735,
  "statistic_ok_pct": 96.4515142245335,
  "task_type_ok_pct": 84.30712756194555,
  "temporal_filter_ok_pct": 85.80605689813399,
  "time_field_ok_pct": 86.84613031508107
}
