{
  "gold_A_accuracy_pct": 96.47406733393994,
  "gold_A_n": 4396,
  "gold_B_accuracy_pct": 100.0,
  "gold_B_n": 4454,
  "json_ok_pct": 100.0,
  "n": 8850,
  "pairwise_accuracy_pct": 98.24858757062147
}
